{
    "User": {
        "Hoshimatchi": {
            "id": "jhkfkdnfvndf",
            "gender": "女"
        }
    },
    "Spot": {
        "virtual world": {
            "PlaceName": "virtual world",
            "PlaceData": {
                "Latitude": 64.134534,
                "Longitude": 141.34534,
                "Emotion": [
                    0.54356,
                    0.36457,
                    0.89743,
                    0.87647,
                    0.54645,
                    0.99999
                ]
            }
        },
        "公立はこだて未来大学": {
            "PlaceName": "公立はこだて未来大学",
            "PlaceData": {
                "Latitude": 41.841969,
                "Longitude": 140.766894,
                "Emotion": [
                    0.99999,
                    0.36457,
                    0.89743,
                    0.87647,
                    0.546456,
                    0.8767
                ]
            }
        },
        "法政大学": {
            "PlaceName": "法政大学",
            "PlaceData": {
                "Latitude": 35.695792,
                "Longitude": 139.741447,
                "Emotion": [
                    0.3452,
                    0.36457,
                    0.89743,
                    0.87647,
                    0.546456,
                    0.8767
                ]
            }
        },
        "神奈川工業大学": {
            "PlaceName": "神奈川工業大学",
            "PlaceData": {
                "Latitude": 35.48661,
                "Longitude": 139.342569,
                "Emotion": [
                    0.3452,
                    0.36457,
                    0.89743,
                    0.87647,
                    0.546456,
                    0.8767
                ]
            }
        },
        "専修大学": {
            "PlaceName": "専修大学",
            "PlaceData": {
                "Latitude": 35.696886,
                "Longitude": 139.754175,
                "Emotion": [
                    0.3452,
                    0.36457,
                    0.89743,
                    0.87647,
                    0.546456,
                    0.8767
                ]
            }
        },
        "五稜郭": {
            "PlaceName": "五稜郭",
            "PlaceData": {
                "Latitude": 41.796549,
                "Longitude": 140.755295,
                "Emotion": [
                    0.3452,
                    0.36457,
                    0.89743,
                    0.87647,
                    0.546456,
                    0.8767
                ]
            }
        },
        "帯広駅": {
            "PlaceName": "帯広駅",
            "PlaceData": {
                "Latitude": 42.917936,
                "Longitude": 143.201926,
                "Emotion": [
                    0.3452,
                    0.999999,
                    0.89743,
                    0.87647,
                    0.546456,
                    0.8767
                ]
            }
        },
        "帯広六花亭 本店": {
            "PlaceName": "帯広六花亭 本店",
            "PlaceData": {
                "Latitude": 42.922307,
                "Longitude": 143.202570,
                "Emotion": [
                    0.3452,
                    0.36457,
                    0.89743,
                    0.87647,
                    0.546456,
                    0.8767
                ]
            }
        },
        "十勝川温泉 第一ホテル": {
            "PlaceName": "十勝川温泉 第一ホテル",
            "PlaceData": {
                "Latitude": 42.932733,
                "Longitude": 143.296677,
                "Emotion": [
                    0.3452,
                    0.36457,
                    0.89743,
                    0.87647,
                    0.99999,
                    0.8767
                ]
            }
        },
        "帯広動物園": {
            "PlaceName": "帯広動物園",
            "PlaceData": {
                "Latitude": 42.901455,
                "Longitude": 143.184754,
                "Emotion": [
                    0.3452,
                    0.36457,
                    0.99999,
                    0.87647,
                    0.32452,
                    0.8767
                ]
            }
        },
        "北海道帯広美術館": {
            "PlaceName": "北海道帯広美術館",
            "PlaceData": {
                "Latitude": 42.904683,
                "Longitude": 143.185476,
                "Emotion": [
                    0.3452,
                    0.36457,
                    0.44264,
                    0.99999,
                    0.32452,
                    0.8767
                ]
            }
        }
    },
    "Method": {
        "GetSpotName": "スポットの名前をStringで返す",
        "GetSpotsData": "スポットのデータを返す方はReadme参照か直で聞いてください",
        "GetSpotEmotion": "スポットの感情を数値の配列[angry, sad, dislike, fear, surprise, happy] (最大値) として返す",
        "GetSadSpot": "悲しみが大きいスポットを返す",
        "GetHappySpot": "喜びが大きいスポットを返す",
        "GetFearSpot": "恐怖が大きいスポットを返す",
        "GetAngrySpot": "怒りが大きいスポットを返す",
        "GetDislikeSpot": "嫌悪が大きいスポットを返す",
        "GetSurpriseSpot": "驚きが大きいスポットを返す",
        "GetMthod": "リクエストの種類をすべて教えてくれる"
    }
}